PAGE_URL,IMAGE_ID,IMAGE_URL,FILENAME
https://lmvfinancialservices.com/,0001,https://lmvfinancialservices.com/images/partner-logo/poonawalla.jpg,image_0001.jpg
https://lmvfinancialservices.com/,0002,https://lmvfinancialservices.com/images/education.png,image_0002.png
https://lmvfinancialservices.com/,0003,https://lmvfinancialservices.com/images/car.png,image_0003.png
https://lmvfinancialservices.com/,0004,https://lmvfinancialservices.com/images/services-icons/SVG/Home Loan.svg,image_0004.svg
https://lmvfinancialservices.com/,0005,https://lmvfinancialservices.com/images/placeholder.svg,image_0005.svg
https://lmvfinancialservices.com/,0006,https://lmvfinancialservices.com/images/LAP-Loan.png,image_0006.png
https://lmvfinancialservices.com/,0007,https://lmvfinancialservices.com/images/services-icons/SVG/Education Loan.svg,image_0007.svg
https://lmvfinancialservices.com/,0008,https://lmvfinancialservices.com/images/partner-logo/kotak-mahindra-logo.svg,image_0008.svg
https://lmvfinancialservices.com/,0009,https://lmvfinancialservices.com/images/Home Loan.png,image_0009.png
https://lmvfinancialservices.com/,0010,https://lmvfinancialservices.com/images/PersonalLoanImage.jpg,image_0010.jpg
https://lmvfinancialservices.com/,0011,https://lmvfinancialservices.com/images/partner-logo/axis-logo.svg,image_0011.svg
https://lmvfinancialservices.com/,0012,https://lmvfinancialservices.com/images/partner-logo/idfc-first-logo.svg,image_0012.svg
https://lmvfinancialservices.com/,0013,https://lmvfinancialservices.com/images/instagram.png,image_0013.png
https://lmvfinancialservices.com/,0014,https://lmvfinancialservices.com/images/facebook-icon.png,image_0014.png
https://lmvfinancialservices.com/,0015,https://lmvfinancialservices.com/images/linkden-icon.png,image_0015.png
https://lmvfinancialservices.com/,0016,https://lmvfinancialservices.com/images/partner-logo/paysense.jpg,image_0016.jpg
https://lmvfinancialservices.com/,0017,https://lmvfinancialservices.com/images/partner-logo/Standardbank.png,image_0017.png
https://lmvfinancialservices.com/,0018,https://lmvfinancialservices.com/images/twitter-icon.png,image_0018.png
https://lmvfinancialservices.com/,0019,https://lmvfinancialservices.com/images/services-icons/SVG/Business Loan_1.svg,image_0019.svg
https://lmvfinancialservices.com/,0020,https://lmvfinancialservices.com/images/partner-logo/shinas.png,image_0020.png
https://lmvfinancialservices.com/,0021,https://lmvfinancialservices.com/images/partner-logo/icici-logo.svg,image_0021.svg
https://lmvfinancialservices.com/,0022,https://lmvfinancialservices.com/images/services-icons/SVG/Personal loan.svg,image_0022.svg
https://lmvfinancialservices.com/,0023,https://lmvfinancialservices.com/images/partner-logo/hdfc-logo.svg,image_0023.svg
https://lmvfinancialservices.com/,0024,https://lmvfinancialservices.com/images/partner-logo/flutron.png,image_0024.png
https://lmvfinancialservices.com/,0025,https://lmvfinancialservices.com/images/Business loan.png,image_0025.png
https://lmvfinancialservices.com/,0026,https://lmvfinancialservices.com/images/phone.svg,image_0026.svg
https://lmvfinancialservices.com/,0027,https://lmvfinancialservices.com/images/partner-logo/Aditya Birla.png,image_0027.png
https://lmvfinancialservices.com/,0028,https://lmvfinancialservices.com/images/partner-logo/yes-logo.svg,image_0028.svg
https://lmvfinancialservices.com/,0029,https://lmvfinancialservices.com/images/icons/SVG/Car Loan.svg,image_0029.svg
https://lmvfinancialservices.com/,0030,https://lmvfinancialservices.com/images/partner-logo/Finable.png,image_0030.png
https://lmvfinancialservices.com/,0031,https://lmvfinancialservices.com/images/logo.jpeg,image_0031.jpeg
https://lmvfinancialservices.com/,0032,https://lmvfinancialservices.com/images/icons/SVG/LAP LOANS.svg,image_0032.svg
https://lmvfinancialservices.com/,0033,https://lmvfinancialservices.com/images/whatsapp-icon.png,image_0033.png
https://lmvfinancialservices.com/,0034,https://lmvfinancialservices.com/images/partner-logo/tata.png,image_0034.png
https://lmvfinancialservices.com/home-loans-online-overview.html,0035,https://lmvfinancialservices.com/images/Home Loan-01.jpg,image_0035.jpg
https://lmvfinancialservices.com/personal-loans-online-overview.html,0036,https://lmvfinancialservices.com/images/personalLoan2.jpeg,image_0036.jpeg
https://lmvfinancialservices.com/business-loans-online-overview.html,0037,https://lmvfinancialservices.com/images/Business Loan-01.jpg,image_0037.jpg
https://lmvfinancialservices.com/car-loans-online-overview.html,0038,https://lmvfinancialservices.com/images/Car Loan-01.jpg,image_0038.jpg
https://lmvfinancialservices.com/education-loans-online-overview.html,0039,https://lmvfinancialservices.com/images/Education Loan-01.jpg,image_0039.jpg
https://lmvfinancialservices.com/lap-loans-online-overview.html,0040,https://lmvfinancialservices.com/images/Loan AGiainst property-01.jpg,image_0040.jpg
